<?xml version="1.0" encoding="UTF-8"?>

<databaseChangeLog
      xmlns="http://www.liquibase.org/xml/ns/dbchangelog"
      xmlns:bay="http://www.liquibase.org/xml/ns/ext/bayer"
      xmlns:ora="http://www.liquibase.org/xml/ns/ext/oracle"
      xmlns:fix="http://www.liquibase.org/xml/ns/ext/fixed"
      xmlns:xsi="http://www.w3.org/2001/XMLSchema-instance"
      xsi:schemaLocation="http://www.liquibase.org/xml/ns/dbchangelog http://www.liquibase.org/xml/ns/dbchangelog/dbchangelog-2.0.xsd
      					  http://www.liquibase.org/xml/ns/ext/bayer file:///C:/xsd/dbchangelog-bayer.xsd
      					  http://www.liquibase.org/xml/ns/ext/oracle file:///C:/xsd/dbchangelog-oracle.xsd
      					  http://www.liquibase.org/xml/ns/ext/fixed file:///C:/xsd/dbchangelog-fixed.xsd">


	<changeSet author="gblia" id="countries" runOnChange="true">
	
		<preConditions onFail="HALT" onFailMessage="Table country or one of its referentials does not exists!">
			<tableExists tableName="country" />
		</preConditions>
		<fix:fixedLoadUpdateData tableName="country" 
								 primaryKey="id"
								 file="countries.csv"
								 separator=";"
								 relativeToChangelogFile="true">
		    <fix:column name="id" type="NUMERIC" />
		    <fix:column name="name" type="STRING" />
		</fix:fixedLoadUpdateData>
	</changeSet>
	
</databaseChangeLog>