<?xml version="1.0" encoding="UTF-8"?>

<databaseChangeLog
      xmlns="http://www.liquibase.org/xml/ns/dbchangelog"
      xmlns:fix="http://www.liquibase.org/xml/ns/ext/fixed"
      xmlns:xsi="http://www.w3.org/2001/XMLSchema-instance"
      xsi:schemaLocation="http://www.liquibase.org/xml/ns/dbchangelog http://www.liquibase.org/xml/ns/dbchangelog/dbchangelog-2.0.xsd
      					  http://www.liquibase.org/xml/ns/ext/fixed https://raw.github.com/achim86/liquibaseplugin/master/liquibase.plugin/resources/xsd/dbchangelog-bugfix.xsd">


	<changeSet author="gblia" id="countries" runOnChange="true">
		<!-- Check if table country exists -->
		<preConditions onFail="HALT" onFailMessage="Table country does not exists!">
			<tableExists tableName="country" />
		</preConditions>
		<!-- Insert/Update data from countries.csv -->
		<fix:fixedLoadUpdateData tableName="country" 
								 primaryKey="id"
								 file="countries.csv"
								 separator=";"
								 relativeToChangelogFile="true">
		    <fix:column name="id" type="NUMERIC" />
		    <fix:column name="name" type="STRING" />
		</fix:fixedLoadUpdateData>
	</changeSet>
		
</databaseChangeLog>