<?xml version="1.0" encoding="UTF-8"?>
<databaseChangeLog
      xmlns="http://www.liquibase.org/xml/ns/dbchangelog"
      xmlns:br="http://www.liquibase.org/xml/ns/ext/backupandrestore"
      xmlns:ora="http://www.liquibase.org/xml/ns/dbchangelog-ext"
      xmlns:ora2="http://www.liquibase.org/xml/ns/ext/ora2"
      xmlns:xsi="http://www.w3.org/2001/XMLSchema-instance"
      xsi:schemaLocation="http://www.liquibase.org/xml/ns/dbchangelog http://www.liquibase.org/xml/ns/dbchangelog/dbchangelog-2.0.xsd
      					  http://www.liquibase.org/xml/ns/ext/backupandrestore https://raw.github.com/achim86/liquibaseplugin/master/liquibase.plugin/resources/xsd/dbchangelog-backupandrestore.xsd
      					  http://www.liquibase.org/xml/ns/dbchangelog-ext https://raw.github.com/sixtoad/liquibase-oracle/master/src/java/liquibase/ext/ora/xml/dbchangelog-ext.xsd
      					  http://www.liquibase.org/xml/ns/ext/ora2 https://raw.github.com/achim86/liquibaseplugin/master/liquibase.plugin/resources/xsd/dbchangelog-ora2.xsd">
    
    <!-- Stage -->  				
	<changeSet id="table_stage" author="afinke">
		<createTable tableName="stage">
			<column name="id" type="number(18)" />
			<column name="name" type="varchar2(30)" />
			<column name="start" type="varchar2(30)" />
			<column name="finish" type="varchar2(30)" />
			<column name="tour_id" type="number(18)" />
		</createTable>
	</changeSet>
	
	<changeSet id="constraint_stage_id_not_null" author="afinke">
		<ora2:addNotNullConstraint tableName="stage" columnName="id" constraintName="stage_id_not_null" />
	</changeSet>
	
	<changeSet id="constraint_stage_name_not_null" author="afinke">	
		<ora2:addNotNullConstraint tableName="stage" columnName="name" constraintName="stage_name_not_null" />
	</changeSet>
	
	<changeSet id="constraint_stage_tour_id_not_null" author="afinke">	
		<ora2:addNotNullConstraint tableName="stage" columnName="tour_id" constraintName="stage_tour_id_not_null" />
	</changeSet>
	
	<changeSet id="constraint_stage_pk" author="afinke">
		<addPrimaryKey tableName="stage" columnNames="id" constraintName="stage_pk" />
	</changeSet>
	
	<changeSet id="constraint_stage_tour_fk" author="afinke">		
		<addForeignKeyConstraint baseTableName="stage" 	
								 baseColumnNames="tour_id" 
								 referencedTableName="tour" 
								 referencedColumnNames="id" 
								 constraintName="stage_tour_fk" 
		/>
	</changeSet>	
	
</databaseChangeLog>