<?xml version="1.0" encoding="UTF-8"?>

<databaseChangeLog
      xmlns="http://www.liquibase.org/xml/ns/dbchangelog"
      xmlns:bay="http://www.liquibase.org/xml/ns/ext/bayer"
      xmlns:ora="http://www.liquibase.org/xml/ns/ext/oracle"
      xmlns:fix="http://www.liquibase.org/xml/ns/ext/fixed"
      xmlns:xsi="http://www.w3.org/2001/XMLSchema-instance"
      xsi:schemaLocation="http://www.liquibase.org/xml/ns/dbchangelog http://www.liquibase.org/xml/ns/dbchangelog/dbchangelog-2.0.xsd
      					  http://www.liquibase.org/xml/ns/ext/bayer file:///C:/xsd/dbchangelog-bayer.xsd
      					  http://www.liquibase.org/xml/ns/ext/oracle file:///C:/xsd/dbchangelog-oracle.xsd
      					  http://www.liquibase.org/xml/ns/ext/fixed file:///C:/xsd/dbchangelog-fixed.xsd">
    
    <!-- Location -->  				
	<changeSet id="table_location" author="gblia">
		<createTable tableName="location">
			<column name="id" type="number(18)" />
			<column name="name" type="varchar2(30)" />
		</createTable>
	</changeSet>
	
	<changeSet id="constraint_location_id_not_null" author="gblia">
		<bay:addNotNullConstraint tableName="location" columnName="id" constraintName="location_id_not_null" />
	</changeSet>
	
	<changeSet id="constraint_location_name_not_null" author="gblia">	
		<bay:addNotNullConstraint tableName="location" columnName="name" constraintName="location_name_not_null" />
	</changeSet>
	
	<changeSet id="constraint_location_pk" author="gblia">
		<addPrimaryKey tableName="location" columnNames="id" constraintName="location_pk" />
	</changeSet>
	
	<changeSet id="sequence_auto_increment_loc_seq" author="gblia">
		<createSequence sequenceName="auto_increment_loc_seq" startValue="1" incrementBy="1" />
	</changeSet>
	
	<changeSet id="trigger_auto_increment_loc_trigger" author="gblia">
		<ora:createTrigger
			afterBeforeInsteadOf="before"
		    procedure="BEGIN 
		    		   	SELECT auto_increment_loc_seq.nextval INTO :new.id FROM dual; 
		    		   END;"
		    triggerName="auto_increment_loc_trigger"
		    tableName="location"
		    insert="true"
		    forEachRow="true"
		/>
	</changeSet>
	
	<changeSet id="insertLocations" author="gblia">
		<sqlFile path="sql/TOUR-04/insertLocations.sql" relativeToChangelogFile="true" />
		<rollback />
	</changeSet>
	
	
	<!-- Update and refactor Stage -->
	<changeSet id="table_stage_add_loc_start_id" author="gblia">
		<addColumn tableName="stage">
			<column name="loc_start_id" type="number(18)" />
		</addColumn>
	</changeSet>
	
	<changeSet id="table_stage_add_loc_finish_id" author="gblia">
		<addColumn tableName="stage">	
			<column name="loc_finish_id" type="number(18)" />
		</addColumn>
	</changeSet>
	
	<changeSet id="constraint_stage_loc_start_id_not_null" author="gblia">	
		<bay:addNotNullConstraint tableName="stage" columnName="loc_start_id" constraintName="stage_loc_start_id_not_null" />
	</changeSet>
	
	<changeSet id="constraint_stage_loc_finish_id_not_null" author="gblia">	
		<bay:addNotNullConstraint tableName="stage" columnName="loc_finish_id" constraintName="stage_loc_finish_id_not_null" />
	</changeSet>
	
	<changeSet id="constraint_stage_loc_start_fk" author="gblia">		
		<addForeignKeyConstraint baseTableName="stage" 	
								 baseColumnNames="loc_start_id" 
								 referencedTableName="location" 
								 referencedColumnNames="id" 
								 constraintName="stage_loc_start_fk" 
		/>
	</changeSet>
	<changeSet id="constraint_stage_loc_finish_fk" author="gblia">		
		<addForeignKeyConstraint baseTableName="stage" 	
								 baseColumnNames="loc_finish_id" 
								 referencedTableName="location" 
								 referencedColumnNames="id" 
								 constraintName="stage_loc_finish_fk" 
		/>
	</changeSet>

	<changeSet id="updateStage" author="gblia">
		<sqlFile path="sql/TOUR-04/updateStage.sql" relativeToChangelogFile="true" />
		<rollback />
	</changeSet>
	
	<changeSet id="table_stage_drop_stage_start" author="gblia">
		<dropColumn tableName="stage" columnName="start" />
		<rollback>
			<addColumn tableName="stage">
				<column name="start" type="varchar2(30)" />
			</addColumn>
		</rollback>
	</changeSet>
	
	<changeSet id="table_stage_drop_stage_finish" author="gblia">	
		<dropColumn tableName="stage" columnName="finish" />
		<rollback>
			<addColumn tableName="stage">
				<column name="finish" type="varchar2(30)" />
			</addColumn>
		</rollback>
	</changeSet>
		
</databaseChangeLog>