<?xml version="1.0" encoding="UTF-8"?>

<databaseChangeLog
      xmlns="http://www.liquibase.org/xml/ns/dbchangelog"
      xmlns:bay="http://www.liquibase.org/xml/ns/ext/bayer"
      xmlns:ora="http://www.liquibase.org/xml/ns/ext/oracle"
      xmlns:fix="http://www.liquibase.org/xml/ns/ext/fixed"
      xmlns:xsi="http://www.w3.org/2001/XMLSchema-instance"
      xsi:schemaLocation="http://www.liquibase.org/xml/ns/dbchangelog http://www.liquibase.org/xml/ns/dbchangelog/dbchangelog-2.0.xsd
      					  http://www.liquibase.org/xml/ns/ext/bayer file:///C:/xsd/dbchangelog-bayer.xsd
      					  http://www.liquibase.org/xml/ns/ext/oracle file:///C:/xsd/dbchangelog-oracle.xsd
      					  http://www.liquibase.org/xml/ns/ext/fixed file:///C:/xsd/dbchangelog-fixed.xsd">
    
    <!-- Country -->  		
	<changeSet id="table_country" author="gblia">
		<createTable tableName="country">
			<column name="id" type="number(18)" />
			<column name="name" type="varchar2(30)" />
		</createTable>
	</changeSet>
	
	<changeSet id="constraint_country_id_not_null" author="gblia">
		<bay:addNotNullConstraint tableName="country" columnName="id" constraintName="country_id_not_null" />
	</changeSet>
	
	<changeSet id="constraint_country_name_not_null" author="gblia">	
		<bay:addNotNullConstraint tableName="country" columnName="name" constraintName="country_name_not_null" />
	</changeSet>
	
	<changeSet id="constraint_country_pk" author="gblia">
		<addPrimaryKey tableName="country" columnNames="id" constraintName="country_pk" />
	</changeSet>
	
	<!-- Sponsor -->
	<changeSet id="table_sponsor" author="gblia">
		<createTable tableName="sponsor">
			<column name="id" type="number(18)" />
			<column name="name" type="varchar2(30)" />
		</createTable>
	</changeSet>
	
	<changeSet id="constraint_sponsor_id_not_null" author="gblia">
		<bay:addNotNullConstraint tableName="sponsor" columnName="id" constraintName="sponsor_id_not_null" />
	</changeSet>
	
	<changeSet id="constraint_sponsor_name_not_null" author="gblia">
		<bay:addNotNullConstraint tableName="sponsor" columnName="name" constraintName="sponsor_name_not_null" />
	</changeSet>
	
	<changeSet id="constraint_sponsor_pk" author="gblia">
		<addPrimaryKey tableName="sponsor" columnNames="id" constraintName="sponsor_pk" />
	</changeSet>
	
	
	<!-- Manufacturer -->
	<changeSet id="table_manufacturer" author="gblia">
		<createTable tableName="manufacturer">
			<column name="id" type="number(18)" />
			<column name="name" type="varchar2(30)" />
			<column name="country_id" type="number(18)" />
		</createTable>
	</changeSet>
	
	<changeSet id="constraint_manu_id_not_null" author="gblia">
		<bay:addNotNullConstraint tableName="manufacturer" columnName="id" constraintName="manu_id_not_null" />
	</changeSet>
	
	<changeSet id="constraint_manu_name_not_null" author="gblia">	
		<bay:addNotNullConstraint tableName="manufacturer" columnName="name" constraintName="manu_name_not_null" />
	</changeSet>
	
	<changeSet id="constraint_manu_country_id_not_null" author="gblia">
		<bay:addNotNullConstraint tableName="manufacturer" columnName="country_id" constraintName="manu_country_id_not_null" />
	</changeSet>
	
	<changeSet id="constraint_manu_pk" author="gblia">
		<addPrimaryKey tableName="manufacturer" columnNames="id" constraintName="manu_pk" />
	</changeSet>
	
	
	<!-- Team -->
	<changeSet id="table_team" author="gblia">
		<createTable tableName="team">
			<column name="id" type="number(18)" />
			<column name="name" type="varchar2(30)" />
			<column name="manufacturer_id" type="number(18)" />
		</createTable>
	</changeSet>

	<changeSet id="constraint_team_pk" author="gblia">
		<addPrimaryKey tableName="team" columnNames="id" constraintName="team_pk" />
	</changeSet>
	
	<changeSet id="constraint_team_id_not_null" author="gblia">
		<bay:addNotNullConstraint tableName="team" columnName="id" constraintName="team_id_not_null" />
	</changeSet>
	
	<changeSet id="constraint_team_name_not_null" author="gblia">
		<bay:addNotNullConstraint tableName="team" columnName="name" constraintName="team_name_not_null" />
	</changeSet>
	
	<changeSet id="constraint_team_manu_id_not_null" author="gblia">
		<bay:addNotNullConstraint tableName="team" columnName="manufacturer_id" constraintName="team_manu_id_not_null" />
	</changeSet>
	
	
	<!-- Team_Sponsor -->
	<changeSet id="table_team_sponsor" author="gblia">
		<createTable tableName="team_sponsor">
			<column name="team_id" type="number(18)" />
			<column name="sponsor_id" type="number(18)" />
		</createTable>
	</changeSet>
	
	<changeSet id="constraint_team_spon_team_id_not_null" author="gblia">
		<bay:addNotNullConstraint tableName="team_sponsor" columnName="team_id" constraintName="team_spon_team_id_not_null" />
	</changeSet>
	
	<changeSet id="constraint_team_spon_spon_id_not_null" author="gblia">
		<bay:addNotNullConstraint tableName="team_sponsor" columnName="sponsor_id" constraintName="team_spon_spon_id_not_null" />
	</changeSet>
	
	<changeSet id="constraint_team_sponsor_pk" author="gblia">
		<addPrimaryKey tableName="team_sponsor" columnNames="team_id, sponsor_id" constraintName="team_sponsor_pk" />
	</changeSet>
	
	
	<!-- Cyclist -->
	<changeSet id="table_cyclist" author="gblia">
		<createTable tableName="cyclist">
			<column name="id" type="number(18)" />
			<column name="name" type="varchar2(30)" />
			<column name="forename" type="varchar2(30)" />
			<column name="height" type="varchar2(3)" />
			<column name="weight" type="varchar2(3)" />
			<column name="team_id" type="number(18)" />
			<column name="country_id" type="number(18)" />
		</createTable>
	</changeSet>
	
	<changeSet id="constraint_cyclist_id_not_null" author="gblia">
		<bay:addNotNullConstraint tableName="cyclist" columnName="id" constraintName="cyclist_id_not_null" />
	</changeSet>	
	
	<changeSet id="constraint_cyclist_name_not_null" author="gblia">
		<bay:addNotNullConstraint tableName="cyclist" columnName="name" constraintName="cyclist_name_not_null" />
	</changeSet>	
	
	<changeSet id="constraint_cyclist_forename_not_null" author="gblia">
		<bay:addNotNullConstraint tableName="cyclist" columnName="forename" constraintName="cyclist_forename_not_null" />
	</changeSet>	
	
	<changeSet id="constraint_cyclist_team_id_not_null" author="gblia">
		<bay:addNotNullConstraint tableName="cyclist" columnName="team_id" constraintName="cyclist_team_id_not_null" />
	</changeSet>	
	
	<changeSet id="constraint_cyclist_country_id_not_null" author="gblia">
		<bay:addNotNullConstraint tableName="cyclist" columnName="country_id" constraintName="cyclist_country_id_not_null" />
	</changeSet>	
	
	<changeSet id="constraint_cyclist_pk" author="gblia">
		<addPrimaryKey tableName="cyclist" columnNames="id" constraintName="cyclist_pk" />
	</changeSet>
		
		
	<!-- Tour -->
	<changeSet id="table_tour" author="gblia">
		<createTable tableName="tour">
			<column name="id" type="number(18)" />
			<column name="name" type="varchar2(30)" />
			<column name="country_id" type="number(18)" />
		</createTable>
	</changeSet>
	
	<changeSet id="constraint_tour_id_not_null" author="gblia">
		<bay:addNotNullConstraint tableName="tour" columnName="id" constraintName="tour_id_not_null" />
	</changeSet>
	
	<changeSet id="constraint_tour_name_not_null" author="gblia">
		<bay:addNotNullConstraint tableName="tour" columnName="name" constraintName="tour_name_not_null" />
	</changeSet>
	
	<changeSet id="constraint_tour_country_id_not_null" author="gblia">
		<bay:addNotNullConstraint tableName="tour" columnName="country_id" constraintName="tour_country_id_not_null" />
	</changeSet>
	
	<changeSet id="constraint_tour_pk" author="gblia">
		<addPrimaryKey tableName="tour" columnNames="id" constraintName="tour_pk" />
	</changeSet>
	
	
	<!-- Tour Cyclist -->
	<changeSet id="table_tour_cyclist" author="gblia">
		<createTable tableName="tour_cyclist">
			<column name="tour_id" type="number(18)" />
			<column name="cyclist_id" type="number(18)" />
		</createTable>
	</changeSet>
	
	<changeSet id="constraint_tour_cyc_tour_id_not_null" author="gblia">	
		<bay:addNotNullConstraint tableName="tour_cyclist" columnName="tour_id" constraintName="tour_cyc_tour_id_not_null" />
	</changeSet>	
	
	<changeSet id="constraint_tour_cyc_cyc_id_not_null" author="gblia">	
		<bay:addNotNullConstraint tableName="tour_cyclist" columnName="cyclist_id" constraintName="tour_cyc_cyc_id_not_null" />
	</changeSet>	
	
	<changeSet id="constraint_tour_cyc_pk" author="gblia">	
		<addPrimaryKey tableName="tour_cyclist" columnNames="tour_id, cyclist_id" constraintName="tour_cyc_pk" />
	</changeSet>
		
		
	<!-- Add Foreign Keys -->
	<changeSet id="constraint_manu_country_fk" author="gblia">
		<addForeignKeyConstraint baseTableName="manufacturer" 	
								 baseColumnNames="country_id" 
								 referencedTableName="country" 
								 referencedColumnNames="id" 
								 constraintName="manu_country_fk" 
		/>
	</changeSet>		
	
	<changeSet id="constraint_team_manufacturer_fk" author="gblia">		
		<addForeignKeyConstraint baseTableName="team" 			
								 baseColumnNames="manufacturer_id" 
								 referencedTableName="manufacturer" 
								 referencedColumnNames="id" 
								 constraintName="team_manufacturer_fk" 
		/>
	</changeSet>		
	
	<changeSet id="constraint_cyclist_team_fk" author="gblia">	
		<addForeignKeyConstraint baseTableName="cyclist" 		
								 baseColumnNames="team_id" 
								 referencedTableName="team" 
								 referencedColumnNames="id" 
								 constraintName="cyclist_team_fk"
		/>
	</changeSet>	
	
	<changeSet id="constraint_cyclist_country_fk" author="gblia">		
		<addForeignKeyConstraint baseTableName="cyclist" 
								 baseColumnNames="country_id" 
								 referencedTableName="country" 
								 referencedColumnNames="id" 
								 constraintName="cyclist_country_fk"
		/>
	</changeSet>	
	
	<changeSet id="constraint_team_spon_team_fk" author="gblia">		
		<addForeignKeyConstraint baseTableName="team_sponsor" 	
								 baseColumnNames="team_id" 
								 referencedTableName="team" 
								 referencedColumnNames="id" 
								 constraintName="team_spon_team_fk" 
		/>
	</changeSet>	
	
	<changeSet id="constraint_team_spon_spon_fk" author="gblia">		
		<addForeignKeyConstraint baseTableName="team_sponsor" 	
								 baseColumnNames="sponsor_id" 
								 referencedTableName="sponsor" 
								 referencedColumnNames="id" 
								 constraintName="team_spon_spon_fk"
		/>
	</changeSet>	
	
	<changeSet id="constraint_tour_country_fk" author="gblia">		
		<addForeignKeyConstraint baseTableName="tour" 	
								 baseColumnNames="country_id" 
								 referencedTableName="country" 
								 referencedColumnNames="id" 
								 constraintName="tour_country_fk" 
		/>
	</changeSet>	
	
	<changeSet id="constraint_tour_cyc_tour_fk" author="gblia">		
		<addForeignKeyConstraint baseTableName="tour_cyclist" 	
								 baseColumnNames="tour_id" 
								 referencedTableName="tour" 
								 referencedColumnNames="id" 
								 constraintName="tour_cyc_tour_fk" 
		/>
	</changeSet>	
	
	<changeSet id="constraint_tour_cyc_cyc_fk" author="gblia">		
		<addForeignKeyConstraint baseTableName="tour_cyclist" 	
								 baseColumnNames="cyclist_id" 
								 referencedTableName="cyclist" 
								 referencedColumnNames="id" 
								 constraintName="tour_cyc_cyc_fk" 
		/>								 								 
	</changeSet>
	
	
	<!-- Custom Types -->
	<changeSet id="type_cyclist" author="gblia">
		<sqlFile path="sql/TOUR-01/type_cyclist.sql" relativeToChangelogFile="true" />
		<rollback>
			<sql>DROP TYPE cyclist_typ FORCE</sql>
		</rollback>
	</changeSet>
	
	<changeSet id="type_cyclists" author="gblia">
		<sqlFile path="sql/TOUR-01/type_cyclists.sql" relativeToChangelogFile="true" />
		<rollback>
			<sql>DROP TYPE cyclists_typ FORCE</sql>
		</rollback>
	</changeSet>
	
	
	<!-- Team View -->
	<changeSet id="view_team" author="gblia">
		<createView viewName="view_team">
			SELECT
			  name,
			  manufacturer,
			  cyclists 
			FROM(
			  SELECT
				team.name,
				manufacturer.name AS manufacturer,
				CAST(MULTISET(
				  SELECT DISTINCT 
					cyclist.name,
					cyclist.forename,
					country.name             
				  FROM
					cyclist,
					team,
					country       
				  WHERE
					team.id = cyclist.team_id       
					AND country.id = cyclist.country_id) AS cyclists_typ) cyclists     
			  FROM
				team,
				manufacturer      
			  WHERE
				team.manufacturer_id = manufacturer.id
			)
		</createView>
	</changeSet>
	
</databaseChangeLog>