<?xml version="1.0" encoding="UTF-8"?>

<databaseChangeLog
      xmlns="http://www.liquibase.org/xml/ns/dbchangelog"
      xmlns:bay="http://www.liquibase.org/xml/ns/ext/bayer"
      xmlns:ora="http://www.liquibase.org/xml/ns/ext/oracle"
      xmlns:fix="http://www.liquibase.org/xml/ns/ext/fixed"
      xmlns:xsi="http://www.w3.org/2001/XMLSchema-instance"
      xsi:schemaLocation="http://www.liquibase.org/xml/ns/dbchangelog http://www.liquibase.org/xml/ns/dbchangelog/dbchangelog-2.0.xsd
      					  http://www.liquibase.org/xml/ns/ext/bayer file:///C:/xsd/dbchangelog-bayer.xsd
      					  http://www.liquibase.org/xml/ns/ext/oracle file:///C:/xsd/dbchangelog-oracle.xsd
      					  http://www.liquibase.org/xml/ns/ext/fixed file:///C:/xsd/dbchangelog-fixed.xsd">
    
    <!-- Stage -->  				
	<changeSet id="table_stage" author="gblia">
		<createTable tableName="stage">
			<column name="id" type="number(18)" />
			<column name="name" type="varchar2(30)" />
			<column name="start" type="varchar2(30)" />
			<column name="finish" type="varchar2(30)" />
			<column name="tour_id" type="number(18)" />
		</createTable>
	</changeSet>
	
	<changeSet id="constraint_stage_id_not_null" author="gblia">
		<bay:addNotNullConstraint tableName="stage" columnName="id" constraintName="stage_id_not_null" />
	</changeSet>
	
	<changeSet id="constraint_stage_name_not_null" author="gblia">	
		<bay:addNotNullConstraint tableName="stage" columnName="name" constraintName="stage_name_not_null" />
	</changeSet>
	
	<changeSet id="constraint_stage_tour_id_not_null" author="gblia">	
		<bay:addNotNullConstraint tableName="stage" columnName="tour_id" constraintName="stage_tour_id_not_null" />
	</changeSet>
	
	<changeSet id="constraint_stage_pk" author="gblia">
		<addPrimaryKey tableName="stage" columnNames="id" constraintName="stage_pk" />
	</changeSet>
	
	<changeSet id="constraint_stage_tour_fk" author="gblia">		
		<addForeignKeyConstraint baseTableName="stage" 	
								 baseColumnNames="tour_id" 
								 referencedTableName="tour" 
								 referencedColumnNames="id" 
								 constraintName="stage_tour_fk" 
		/>
	</changeSet>	
	
</databaseChangeLog>