<?xml version="1.0" encoding="UTF-8"?>

<databaseChangeLog xmlns="http://www.liquibase.org/xml/ns/dbchangelog"
				   xmlns:xsi="http://www.w3.org/2001/XMLSchema-instance"
				   xsi:schemaLocation="http://www.liquibase.org/xml/ns/dbchangelog
         							   http://www.liquibase.org/xml/ns/dbchangelog/dbchangelog-2.0.xsd">

	<!-- Check if backups from previous deploys are cleaned up -->
	<changeSet id="checkBackups" author="afinke"  runAlways="true">	
		<preConditions onFail="HALT" onFailMessage="Clean up old backups!">
			<sqlCheck expectedResult="0">SELECT COUNT(*) FROM user_tables WHERE table_name LIKE 'LIQ_%'</sqlCheck>
		</preConditions>	
		<rollback />
	</changeSet>

	<!-- Releases -->
	<include file="version/versions.xml" relativeToChangelogFile="true" />
	
	<!-- Static Data -->
	<include file="data/data.xml" relativeToChangelogFile="true" />
	
</databaseChangeLog>